,component,drop_hamming,drop_acc,drop_bce,drop_auroc,posterior
0,0,0.010526315789473717,0.017543859649122806,0.290283203125,-0.008238792419433594,19.536749
1,1,-0.024561403508771895,-0.010526315789473661,0.13037109375,-0.01379692554473877,6.9530673
2,2,-0.024561403508771895,-0.010526315789473661,0.350341796875,0.0018829703330993652,4.8507786
3,3,0.01754385964912286,-0.0035087719298245723,0.304931640625,0.0014122724533081055,5.000062
4,4,-0.03157894736842104,-0.017543859649122806,0.341064453125,-0.02449345588684082,3.786054
5,5,-0.15087719298245605,-0.09473684210526315,0.60546875,-0.057892441749572754,4.934425
6,6,-0.03508771929824561,-0.017543859649122806,0.166259765625,-0.015187263488769531,1.8998063
7,7,-0.0035087719298244613,-0.017543859649122806,0.048583984375,-0.009194493293762207,1.5408387
