,hamming,acc,max_entropy,mean_entropy,min_max_proba,bce,dataset,training_reps,repetition,cor,sample_mean,which_first
1,3.0,16.0,1.9715829,0.5776309,0.2580153,-0.57149464,training,7,1,0.4,harmonic,sample
2,2.0,17.0,0.90224767,0.10539113,0.5137515,-0.27264082,training,7,2,0.4,harmonic,sample
3,0.0,19.0,0.5015716,0.053907514,0.7996087,-0.022512335,training,7,3,0.4,harmonic,sample
4,1.0,18.0,0.6926579,0.04327977,0.5172755,-0.039576482,training,7,4,0.4,harmonic,sample
5,0.0,19.0,0.13391015,0.0070565506,0.9711281,-0.0015419408,training,7,5,0.4,harmonic,sample
6,0.0,19.0,0.64771205,0.03409437,0.64944273,-0.022717929,training,7,6,0.4,harmonic,sample
7,0.0,19.0,0.0041358587,0.00021767971,1.0,0.0,training,7,7,0.4,harmonic,sample
1,14.0,8.0,2.1430848,1.0815655,0.2947347,-1.8286775,testing,8,1,0.4,harmonic,sample
2,3.0,16.0,1.2632594,0.35890248,0.4735212,-0.6013569,testing,8,2,0.4,harmonic,sample
3,1.0,18.0,0.9484544,0.13069408,0.61488,-0.17675781,testing,8,3,0.4,harmonic,sample
4,1.0,18.0,0.37126374,0.034685005,0.914074,-0.18914475,testing,8,4,0.4,harmonic,sample
5,1.0,18.0,0.6789968,0.04263688,0.58386475,-0.26490542,testing,8,5,0.4,harmonic,sample
6,1.0,18.0,0.6679972,0.042680953,0.7402397,-0.18935034,testing,8,6,0.4,harmonic,sample
7,0.0,19.0,0.26594162,0.025283108,0.9284686,-0.006887336,testing,8,7,0.4,harmonic,sample
8,0.0,19.0,0.0034492607,0.00024556334,1.0,0.0,testing,8,8,0.4,harmonic,sample
