,hamming,acc,max_entropy,mean_entropy,min_max_proba,bce,dataset,training_reps,repetition,cor,sample_mean,which_first
1,6.0,13.0,1.6823928,0.45519558,0.30978554,-0.8606086,training,7,1,0.2,harmonic,sample
2,1.0,18.0,0.79284126,0.096715,0.6513482,-0.27184415,training,7,2,0.2,harmonic,sample
3,0.0,19.0,0.63400054,0.06326373,0.67136824,-0.031969573,training,7,3,0.2,harmonic,sample
4,1.0,18.0,0.92113245,0.08458495,0.5793211,-0.07272821,training,7,4,0.2,harmonic,sample
5,0.0,19.0,0.052700743,0.0029513433,0.9902819,-0.0005139803,training,7,5,0.2,harmonic,sample
6,0.0,19.0,0.53073645,0.027991835,0.77728117,-0.0132606905,training,7,6,0.2,harmonic,sample
7,0.0,19.0,0.0057357196,0.00030200972,1.0,0.0,training,7,7,0.2,harmonic,sample
1,13.0,8.0,2.1339555,0.97128,0.26783535,-1.864592,testing,8,1,0.2,harmonic,sample
2,3.0,16.0,1.156952,0.28078175,0.4594009,-0.72864413,testing,8,2,0.2,harmonic,sample
3,2.0,17.0,0.7679832,0.09931157,0.68863297,-0.556692,testing,8,3,0.2,harmonic,sample
4,2.0,17.0,0.66652614,0.045341246,0.61488,-0.666838,testing,8,4,0.2,harmonic,sample
5,2.0,17.0,0.28069836,0.016007906,0.91944563,-0.81656045,testing,8,5,0.2,harmonic,sample
6,1.0,18.0,0.21357529,0.018104568,0.9449336,-0.6447368,testing,8,6,0.2,harmonic,sample
7,1.0,18.0,0.21531662,0.011811816,0.9449336,-0.36615953,testing,8,7,0.2,harmonic,sample
8,0.0,19.0,0.20785646,0.011355462,0.946781,-0.0029810856,testing,8,8,0.2,harmonic,sample
