,hamming,acc,max_entropy,mean_entropy,min_max_proba,bce,dataset,training_reps,repetition,cor,sample_mean,which_first
1,7.0,14.0,1.7934968,0.77028465,0.38732687,-1.2041401,training,7,1,0.7,geometric,sequence
2,3.0,16.0,0.667298,0.117530145,0.65389746,-0.6623407,training,7,2,0.7,geometric,sequence
3,2.0,17.0,0.6479311,0.07521375,0.6641949,-0.20518093,training,7,3,0.7,geometric,sequence
4,1.0,18.0,0.5581135,0.037304718,0.75631535,-0.07581209,training,7,4,0.7,geometric,sequence
5,1.0,18.0,0.6729045,0.036323447,0.60416603,-0.049033716,training,7,5,0.7,geometric,sequence
6,1.0,18.0,0.15531552,0.008366276,0.9635707,-0.17506167,training,7,6,0.7,geometric,sequence
7,0.0,19.0,0.42460635,0.022348331,0.84868896,-0.008634868,training,7,7,0.7,geometric,sequence
1,12.0,8.0,2.4205542,1.352687,0.24049672,-1.8244373,testing,8,1,0.7,geometric,sequence
2,2.0,17.0,1.4054781,0.5925778,0.44244918,-0.44819078,testing,8,2,0.7,geometric,sequence
3,0.0,19.0,0.75711215,0.14963746,0.5285091,-0.06280839,testing,8,3,0.7,geometric,sequence
4,0.0,19.0,0.6767121,0.07958657,0.6306921,-0.034847863,testing,8,4,0.7,geometric,sequence
5,1.0,18.0,0.56415147,0.04775083,0.74823433,-0.27806333,testing,8,5,0.7,geometric,sequence
6,1.0,18.0,0.34869274,0.046349652,0.91944563,-0.15234375,testing,8,6,0.7,geometric,sequence
7,0.0,19.0,0.67552346,0.0406454,0.5936387,-0.02837171,testing,8,7,0.7,geometric,sequence
8,0.0,19.0,0.5345204,0.02973618,0.77425086,-0.013671875,testing,8,8,0.7,geometric,sequence
