,hamming,acc,max_entropy,mean_entropy,min_max_proba,bce,dataset,training_reps,repetition,cor,sample_mean,which_first
1,7.0,12.0,1.9614995,0.8195167,0.31175822,-0.9272204,training,7,1,0.7,geometric,sequence
2,3.0,16.0,1.2550179,0.13556784,0.44180152,-0.47036904,training,7,2,0.7,geometric,sequence
3,1.0,18.0,0.4210754,0.065427944,0.8528431,-0.11163651,training,7,3,0.7,geometric,sequence
4,1.0,18.0,0.6213154,0.035195537,0.68863297,-0.061831824,training,7,4,0.7,geometric,sequence
5,1.0,18.0,0.6942711,0.03659025,0.5057865,-0.037109375,training,7,5,0.7,geometric,sequence
6,1.0,18.0,0.4385847,0.023085063,0.84044135,-0.09673109,training,7,6,0.7,geometric,sequence
7,0.0,19.0,0.020464547,0.0010778747,0.9961014,-0.0002055921,training,7,7,0.7,geometric,sequence
1,12.0,8.0,2.4052322,1.4539509,0.23798518,-2.0068874,testing,8,1,0.7,geometric,sequence
2,6.0,14.0,1.7761369,0.5776495,0.296322,-0.7867753,testing,8,2,0.7,geometric,sequence
3,0.0,19.0,0.655299,0.148903,0.7409629,-0.046258222,testing,8,3,0.7,geometric,sequence
4,1.0,18.0,0.82726896,0.14085217,0.4989185,-0.081363074,testing,8,4,0.7,geometric,sequence
5,2.0,17.0,0.4708725,0.05024883,0.85201067,-0.36554277,testing,8,5,0.7,geometric,sequence
6,1.0,18.0,0.6012335,0.058807787,0.7104925,-0.14987664,testing,8,6,0.7,geometric,sequence
7,0.0,19.0,0.578357,0.052153315,0.73447907,-0.024259869,testing,8,7,0.7,geometric,sequence
8,0.0,19.0,0.47941953,0.025770666,0.81458366,-0.010793585,testing,8,8,0.7,geometric,sequence
