,hamming,acc,max_entropy,mean_entropy,min_max_proba,bce,dataset,training_reps,repetition,cor,sample_mean,which_first
1,7.0,14.0,2.0562928,0.7075091,0.27986792,-0.8733424,training,7,1,0.85,geometric,sequence
2,2.0,17.0,0.8278167,0.121327855,0.67136824,-0.32421875,training,7,2,0.85,geometric,sequence
3,0.0,19.0,0.85313797,0.09250345,0.52490854,-0.048828125,training,7,3,0.85,geometric,sequence
4,1.0,18.0,0.6736796,0.046834044,0.62395334,-0.054019324,training,7,4,0.85,geometric,sequence
5,0.0,19.0,0.29508355,0.015714372,0.9176516,-0.0045230263,training,7,5,0.85,geometric,sequence
6,0.0,19.0,0.6240998,0.032852344,0.6846098,-0.019942435,training,7,6,0.85,geometric,sequence
7,0.0,19.0,0.0052813687,0.00027797953,1.0,0.0,training,7,7,0.85,geometric,sequence
1,15.0,5.0,2.7643714,1.3672699,0.19211556,-1.7651111,testing,8,1,0.85,geometric,sequence
2,5.0,15.0,1.4276664,0.50899714,0.3500061,-0.5990183,testing,8,2,0.85,geometric,sequence
3,0.0,19.0,0.67485905,0.12693867,0.61488,-0.0495477,testing,8,3,0.85,geometric,sequence
4,0.0,19.0,0.81296754,0.10694864,0.7294754,-0.03515625,testing,8,4,0.85,geometric,sequence
5,2.0,17.0,0.7476373,0.07043613,0.52747786,-0.31835938,testing,8,5,0.85,geometric,sequence
6,1.0,18.0,0.6765737,0.061438624,0.5913243,-0.18441612,testing,8,6,0.85,geometric,sequence
7,1.0,18.0,0.48596376,0.03663539,0.8098247,-0.089740954,testing,8,7,0.85,geometric,sequence
8,1.0,18.0,0.40258735,0.021419806,0.8620539,-0.10392681,testing,8,8,0.85,geometric,sequence
