,hamming,acc,max_entropy,mean_entropy,min_max_proba,bce,dataset,training_reps,repetition,cor,sample_mean,which_first
1,8.0,12.0,1.8228824,0.7630234,0.33097485,-1.6025519,training,7,1,0.95,geometric,sequence
2,4.0,16.0,0.9287363,0.14920266,0.68494415,-1.1947728,training,7,2,0.95,geometric,sequence
3,6.0,15.0,1.3453591,0.22189464,0.30647558,-0.5344367,training,7,3,0.95,geometric,sequence
4,1.0,18.0,0.46316338,0.09122522,0.847033,-0.1903783,training,7,4,0.95,geometric,sequence
5,1.0,18.0,0.62232566,0.066791445,0.68594825,-0.0833162,training,7,5,0.95,geometric,sequence
6,1.0,18.0,0.563156,0.030741123,0.7489654,-0.072985195,training,7,6,0.95,geometric,sequence
7,0.0,19.0,0.20588471,0.01089129,0.946781,-0.0028782894,training,7,7,0.95,geometric,sequence
1,18.0,6.0,2.3975525,1.4003407,0.28797746,-3.2270894,testing,8,1,0.95,geometric,sequence
2,8.0,12.0,1.6576648,0.67427844,0.40879917,-1.4855314,testing,8,2,0.95,geometric,sequence
3,4.0,15.0,1.3710096,0.3454399,0.44288146,-0.781764,testing,8,3,0.95,geometric,sequence
4,5.0,14.0,1.7312827,0.24723344,0.42218795,-1.2107834,testing,8,4,0.95,geometric,sequence
5,5.0,14.0,0.7840723,0.14648391,0.63688135,-1.6040297,testing,8,5,0.95,geometric,sequence
6,5.0,14.0,1.3921137,0.16897573,0.51576227,-1.6226357,testing,8,6,0.95,geometric,sequence
7,4.0,15.0,0.86350965,0.106295094,0.7049634,-1.4701892,testing,8,7,0.95,geometric,sequence
8,3.0,16.0,0.5122248,0.051890265,0.79571384,-1.1054688,testing,8,8,0.95,geometric,sequence
