,hamming,acc,max_entropy,mean_entropy,min_max_proba,bce,dataset,training_reps,repetition,cor,sample_mean,which_first
1,6.0,13.0,1.7077194,0.4934043,0.38798937,-0.72694796,training,7,1,0.4,harmonic,sample
2,2.0,17.0,0.7049018,0.08093468,0.7810858,-0.41015625,training,7,2,0.4,harmonic,sample
3,2.0,17.0,0.6257378,0.06307186,0.6812751,-0.14391448,training,7,3,0.4,harmonic,sample
4,1.0,18.0,0.49646005,0.037652686,0.80273825,-0.08799342,training,7,4,0.4,harmonic,sample
5,0.0,19.0,0.3877779,0.020470278,0.86881506,-0.007401316,training,7,5,0.4,harmonic,sample
6,1.0,18.0,0.5860233,0.030878892,0.72734135,-0.068359375,training,7,6,0.4,harmonic,sample
7,0.0,19.0,0.034950696,0.0018395185,0.99415773,-0.00030838815,training,7,7,0.4,harmonic,sample
1,13.0,7.0,1.9269466,1.0575831,0.2549471,-2.0957546,testing,8,1,0.4,harmonic,sample
2,4.0,15.0,0.96274275,0.42661887,0.5492942,-0.59984064,testing,8,2,0.4,harmonic,sample
3,1.0,18.0,1.0738268,0.14809868,0.45471433,-0.23298725,testing,8,3,0.4,harmonic,sample
4,2.0,17.0,1.2931044,0.1146077,0.35656098,-0.19587788,testing,8,4,0.4,harmonic,sample
5,2.0,17.0,1.1284692,0.06787375,0.43686765,-0.3828639,testing,8,5,0.4,harmonic,sample
6,1.0,18.0,0.53661984,0.050759822,0.7727401,-0.26336348,testing,8,6,0.4,harmonic,sample
7,0.0,19.0,0.612532,0.04198841,0.6981125,-0.021175986,testing,8,7,0.4,harmonic,sample
8,0.0,19.0,0.033447575,0.0017999762,0.99415773,-0.00030838815,testing,8,8,0.4,harmonic,sample
