,hamming,acc,max_entropy,mean_entropy,min_max_proba,bce,dataset,training_reps,repetition,cor,sample_mean,which_first
1,6.0,13.0,1.471023,0.49081346,0.3521489,-0.7293637,training,7,1,0.2,harmonic,sample
2,1.0,18.0,0.66073304,0.08126955,0.733404,-0.31956723,training,7,2,0.2,harmonic,sample
3,1.0,18.0,0.61340654,0.041973684,0.6987946,-0.06491571,training,7,3,0.2,harmonic,sample
4,0.0,19.0,0.70028156,0.07245698,0.5213325,-0.061626233,training,7,4,0.2,harmonic,sample
5,0.0,19.0,0.024777615,0.0013629164,0.9961014,-0.0002055921,training,7,5,0.2,harmonic,sample
6,0.0,19.0,0.24499336,0.01289563,0.9339248,-0.0035978619,training,7,6,0.2,harmonic,sample
7,0.0,19.0,0.0008569326,4.5101886e-05,1.0,0.0,training,7,7,0.2,harmonic,sample
1,13.0,8.0,1.8963695,0.91007894,0.43315056,-2.1337762,testing,8,1,0.2,harmonic,sample
2,2.0,17.0,0.9869085,0.27799803,0.46368274,-0.6462274,testing,8,2,0.2,harmonic,sample
3,2.0,17.0,0.7718848,0.15238743,0.58844405,-0.37366366,testing,8,3,0.2,harmonic,sample
4,2.0,17.0,0.40942273,0.034488767,0.8578549,-0.5001542,testing,8,4,0.2,harmonic,sample
5,2.0,17.0,0.2061556,0.013956909,0.94770604,-0.6069079,testing,8,5,0.2,harmonic,sample
6,1.0,18.0,0.6075521,0.036272865,0.716065,-0.34303042,testing,8,6,0.2,harmonic,sample
7,0.0,19.0,0.68726003,0.040791415,0.6726808,-0.021792764,testing,8,7,0.2,harmonic,sample
8,0.0,19.0,0.002432958,0.0001343397,1.0,0.0,testing,8,8,0.2,harmonic,sample
