,hamming,acc,max_entropy,mean_entropy,min_max_proba,bce,dataset,training_reps,repetition,cor,sample_mean,which_first
1,6.0,13.0,1.6799897,0.46758202,0.33898917,-0.8479775,training,7,1,0.2,harmonic,sample
2,1.0,18.0,0.5802512,0.046313506,0.79571384,-0.23514597,training,7,2,0.2,harmonic,sample
3,0.0,19.0,0.604878,0.042234465,0.7070318,-0.020302221,training,7,3,0.2,harmonic,sample
4,0.0,19.0,0.7621496,0.067780145,0.6313083,-0.03700658,training,7,4,0.2,harmonic,sample
5,0.0,19.0,0.011885412,0.0007628484,0.9980488,-0.00010279605,training,7,5,0.2,harmonic,sample
6,0.0,19.0,0.104892455,0.0055453386,0.97874475,-0.0011307566,training,7,6,0.2,harmonic,sample
7,0.0,19.0,0.00040278144,2.1203501e-05,1.0,0.0,training,7,7,0.2,harmonic,sample
1,11.0,9.0,2.269647,0.9755855,0.35026255,-1.9763569,testing,8,1,0.2,harmonic,sample
2,4.0,15.0,0.92275023,0.27722493,0.49576157,-0.7687346,testing,8,2,0.2,harmonic,sample
3,2.0,17.0,0.7008047,0.16634317,0.59305924,-0.49948603,testing,8,3,0.2,harmonic,sample
4,2.0,17.0,0.4306107,0.041072078,0.84538025,-0.6171361,testing,8,4,0.2,harmonic,sample
5,2.0,17.0,0.041766845,0.0043983287,0.99318737,-0.77734375,testing,8,5,0.2,harmonic,sample
6,1.0,18.0,0.5746888,0.050515532,0.7416869,-0.46484375,testing,8,6,0.2,harmonic,sample
7,1.0,18.0,0.41715357,0.036197275,0.87734115,-0.12078536,testing,8,7,0.2,harmonic,sample
8,0.0,19.0,0.0049905814,0.0003699124,1.0,0.0,testing,8,8,0.2,harmonic,sample
