,hamming,acc,max_entropy,mean_entropy,min_max_proba,bce,dataset,training_reps,repetition,cor,sample_mean,which_first
1,7.0,13.0,2.0781121,0.8434912,0.27445477,-0.9537418,training,7,1,0.85,geometric,sequence
2,2.0,17.0,0.9149336,0.12798965,0.5421001,-0.28220087,training,7,2,0.85,geometric,sequence
3,1.0,18.0,0.52361155,0.0812972,0.84538025,-0.16503906,training,7,3,0.85,geometric,sequence
4,1.0,18.0,0.33644092,0.0373871,0.9043074,-0.12844367,training,7,4,0.85,geometric,sequence
5,1.0,18.0,0.6004954,0.03188026,0.723092,-0.06805099,training,7,5,0.85,geometric,sequence
6,1.0,18.0,0.43628308,0.022996796,0.8420844,-0.09714227,training,7,6,0.85,geometric,sequence
7,0.0,19.0,0.007111275,0.00037450698,1.0,0.0,training,7,7,0.85,geometric,sequence
1,16.0,4.0,3.0658977,1.2328432,0.12470715,-1.9192537,testing,8,1,0.85,geometric,sequence
2,5.0,14.0,1.2200849,0.4912799,0.49022508,-0.511359,testing,8,2,0.85,geometric,sequence
3,1.0,18.0,0.7324729,0.15352485,0.57537436,-0.121196546,testing,8,3,0.85,geometric,sequence
4,0.0,19.0,0.65566087,0.110890314,0.7091062,-0.046258222,testing,8,4,0.85,geometric,sequence
5,2.0,17.0,0.6898377,0.10852839,0.54369056,-0.12849507,testing,8,5,0.85,geometric,sequence
6,1.0,18.0,0.5860477,0.06356792,0.72734135,-0.105365954,testing,8,6,0.85,geometric,sequence
7,0.0,19.0,0.6849074,0.055089407,0.56424564,-0.035464637,testing,8,7,0.85,geometric,sequence
8,0.0,19.0,0.23990001,0.015960867,0.93575066,-0.004009046,testing,8,8,0.85,geometric,sequence
