,hamming,acc,max_entropy,mean_entropy,min_max_proba,bce,dataset,training_reps,repetition,cor,sample_mean,which_first
1,7.0,12.0,1.9038786,0.8533023,0.337091,-1.0441252,training,7,1,0.8,geometric,sequence
2,3.0,16.0,0.93837327,0.14148836,0.65838283,-0.34431538,training,7,2,0.8,geometric,sequence
3,0.0,19.0,0.99560416,0.118048355,0.5082622,-0.06620066,training,7,3,0.8,geometric,sequence
4,0.0,19.0,0.6916711,0.05130238,0.54369056,-0.03572163,training,7,4,0.8,geometric,sequence
5,0.0,19.0,0.34949386,0.018558752,0.8894184,-0.0061677634,training,7,5,0.8,geometric,sequence
6,1.0,18.0,0.6842917,0.036016274,0.566454,-0.04399671,training,7,6,0.8,geometric,sequence
7,0.0,19.0,0.018630298,0.0009811154,0.9980488,-0.00010279605,training,7,7,0.8,geometric,sequence
1,12.0,8.0,2.7044482,1.3772262,0.20626092,-1.5750283,testing,8,1,0.8,geometric,sequence
2,6.0,13.0,1.9322419,0.51833075,0.29430327,-0.4191766,testing,8,2,0.8,geometric,sequence
3,0.0,19.0,0.7106794,0.111877315,0.5636949,-0.04975329,testing,8,3,0.8,geometric,sequence
4,0.0,19.0,0.6093179,0.0672155,0.7056522,-0.025339227,testing,8,4,0.8,geometric,sequence
5,1.0,18.0,0.11299864,0.017358935,0.98065823,-0.22203948,testing,8,5,0.8,geometric,sequence
6,1.0,18.0,0.18671672,0.013372054,0.95420665,-0.16241777,testing,8,6,0.8,geometric,sequence
7,1.0,18.0,0.6595591,0.03505078,0.62946147,-0.052117597,testing,8,7,0.8,geometric,sequence
8,0.0,19.0,0.6797115,0.035808068,0.5821567,-0.028474506,testing,8,8,0.8,geometric,sequence
