,hamming,acc,max_entropy,mean_entropy,min_max_proba,bce,dataset,training_reps,repetition,cor,sample_mean,which_first
1,8.0,12.0,1.8240607,0.7424683,0.39074612,-1.4805588,training,7,1,0.95,geometric,sequence
2,3.0,17.0,0.7689707,0.12767576,0.63968635,-0.8889032,training,7,2,0.95,geometric,sequence
3,2.0,17.0,0.8981137,0.14332521,0.5468856,-0.3251439,training,7,3,0.95,geometric,sequence
4,1.0,18.0,0.48508644,0.06544358,0.8193706,-0.19217722,training,7,4,0.95,geometric,sequence
5,1.0,18.0,0.7664476,0.041458376,0.63563865,-0.05807977,training,7,5,0.95,geometric,sequence
6,1.0,18.0,0.49822322,0.026375629,0.8035226,-0.08552632,training,7,6,0.95,geometric,sequence
7,0.0,19.0,0.04717151,0.0024980167,0.99221796,-0.0004111842,training,7,7,0.95,geometric,sequence
1,18.0,4.0,2.4586875,1.368345,0.22537486,-2.9503753,testing,8,1,0.95,geometric,sequence
2,10.0,10.0,1.6347487,0.5587265,0.3197753,-2.2352488,testing,8,2,0.95,geometric,sequence
3,7.0,12.0,1.1194415,0.3204271,0.512749,-1.0908203,testing,8,3,0.95,geometric,sequence
4,6.0,13.0,0.8674166,0.17462102,0.5092559,-1.349815,testing,8,4,0.95,geometric,sequence
5,5.0,14.0,1.4051682,0.14452885,0.46187502,-1.7358656,testing,8,5,0.95,geometric,sequence
6,3.0,16.0,0.90907055,0.13070306,0.6648438,-1.8267887,testing,8,6,0.95,geometric,sequence
7,3.0,16.0,0.68741584,0.044801358,0.5731312,-1.8754112,testing,8,7,0.95,geometric,sequence
8,2.0,17.0,0.4064355,0.041422907,0.8620539,-1.6684828,testing,8,8,0.95,geometric,sequence
