,hamming,acc,max_entropy,mean_entropy,min_max_proba,bce,dataset,training_reps,repetition,xi_var,sample_mean,which_first
1,6.0,13.0,2.0738392,0.79982597,0.2435099,-1.3264289,training,7,1,0.3,harmonic,sample
2,4.0,16.0,1.1835535,0.17158878,0.44072422,-0.71533203,training,7,2,0.3,harmonic,sample
3,1.0,18.0,0.69987357,0.08965948,0.54369056,-0.15146999,training,7,3,0.3,harmonic,sample
4,1.0,18.0,0.6623497,0.039698236,0.62762004,-0.052682977,training,7,4,0.3,harmonic,sample
5,1.0,18.0,0.6079112,0.034625713,0.7042753,-0.06455592,training,7,5,0.3,harmonic,sample
6,1.0,18.0,0.2232282,0.011790567,0.94124967,-0.14936267,training,7,6,0.3,harmonic,sample
7,0.0,19.0,0.052244022,0.0027498628,0.9902819,-0.0005139803,training,7,7,0.3,harmonic,sample
1,15.0,6.0,2.2471435,1.2846718,0.25253114,-2.6573937,testing,7,1,0.3,harmonic,sample
2,8.0,12.0,2.2014189,0.62647253,0.22931555,-1.2370734,testing,7,2,0.3,harmonic,sample
3,3.0,16.0,1.0919613,0.31170362,0.45161653,-0.3334704,testing,7,3,0.3,harmonic,sample
4,3.0,16.0,1.1611235,0.1322591,0.40959838,-0.609632,testing,7,4,0.3,harmonic,sample
5,3.0,16.0,0.87937874,0.079142906,0.6012232,-0.9497327,testing,7,5,0.3,harmonic,sample
6,2.0,17.0,0.459136,0.04509902,0.87562925,-0.7140214,testing,7,6,0.3,harmonic,sample
7,1.0,18.0,0.44290534,0.026034733,0.84044135,-0.4351357,testing,7,7,0.3,harmonic,sample
8,1.0,18.0,0.057961207,0.0059499494,0.9902819,-0.24064556,testing,7,8,0.3,harmonic,sample
