,hamming,acc,max_entropy,mean_entropy,min_max_proba,bce,dataset,training_reps,repetition,xi_var,sample_mean,which_first
1,6.0,13.0,1.9292645,1.1229128,0.3182954,-1.0588636,training,7,1,0.03,harmonic,sample
2,4.0,15.0,1.2990364,0.36375785,0.48097807,-0.5566406,training,7,2,0.03,harmonic,sample
3,1.0,18.0,1.1040652,0.22069141,0.45471433,-0.16596423,training,7,3,0.03,harmonic,sample
4,0.0,19.0,0.25067747,0.037676215,0.9495588,-0.00755551,training,7,4,0.03,harmonic,sample
5,0.0,19.0,0.08427209,0.0060314387,0.98353547,-0.0010279606,training,7,5,0.03,harmonic,sample
6,0.0,19.0,0.058923032,0.004439852,0.9902819,-0.00071957236,training,7,6,0.03,harmonic,sample
7,0.0,19.0,0.00024574733,2.103318e-05,1.0,0.0,training,7,7,0.03,harmonic,sample
1,23.0,4.0,2.6945684,1.4300647,0.22193491,-4.5709167,testing,7,1,0.03,harmonic,sample
2,13.0,8.0,2.4939961,0.90265036,0.22642273,-2.5824938,testing,7,2,0.03,harmonic,sample
3,9.0,11.0,1.5112113,0.5342199,0.4533841,-1.7447574,testing,7,3,0.03,harmonic,sample
4,7.0,12.0,1.877092,0.48112026,0.33008718,-1.7624383,testing,7,4,0.03,harmonic,sample
5,4.0,15.0,1.360894,0.26107055,0.4945527,-1.8011924,testing,7,5,0.03,harmonic,sample
6,7.0,12.0,1.001033,0.18741195,0.44461486,-2.1823602,testing,7,6,0.03,harmonic,sample
7,7.0,13.0,1.5326478,0.12817219,0.41442662,-2.078125,testing,7,7,0.03,harmonic,sample
8,5.0,14.0,0.5386523,0.06373666,0.825797,-1.5298109,testing,7,8,0.03,harmonic,sample
