,hamming,acc,max_entropy,mean_entropy,min_max_proba,bce,dataset,training_reps,repetition,xi_var,sample_mean,which_first
1,6.0,13.0,1.9877028,0.99730945,0.2521615,-0.79389393,training,7,1,0.1,harmonic,sample
2,2.0,17.0,0.87336856,0.16711509,0.646595,-0.16699219,training,7,2,0.1,harmonic,sample
3,0.0,19.0,0.66732293,0.10093169,0.624563,-0.0494963,training,7,3,0.1,harmonic,sample
4,0.0,19.0,0.5971412,0.058445223,0.72734135,-0.02497944,training,7,4,0.1,harmonic,sample
5,0.0,19.0,0.20981698,0.011174473,0.946781,-0.0028782894,training,7,5,0.1,harmonic,sample
6,0.0,19.0,0.55066913,0.02898328,0.76373744,-0.014185855,training,7,6,0.1,harmonic,sample
7,0.0,19.0,0.0015528973,8.271869e-05,1.0,0.0,training,7,7,0.1,harmonic,sample
1,17.0,4.0,2.206988,1.3975886,0.26868677,-2.5763261,testing,7,1,0.1,harmonic,sample
2,7.0,12.0,1.64812,0.59532875,0.38912773,-1.2047441,testing,7,2,0.1,harmonic,sample
3,3.0,16.0,1.1279039,0.2831053,0.65517586,-0.36960322,testing,7,3,0.1,harmonic,sample
4,3.0,16.0,1.5369627,0.1603402,0.39275458,-0.579667,testing,7,4,0.1,harmonic,sample
5,4.0,15.0,0.69600457,0.10014068,0.6812751,-0.81471014,testing,7,5,0.1,harmonic,sample
6,2.0,17.0,0.7847446,0.12886845,0.6393741,-0.51675576,testing,7,6,0.1,harmonic,sample
7,1.0,18.0,0.5473316,0.041877866,0.76373744,-0.28741777,testing,7,7,0.1,harmonic,sample
8,2.0,17.0,0.40642783,0.026167585,0.85869306,-0.3178454,testing,7,8,0.1,harmonic,sample
