,component,drop_hamming,drop_acc,drop_bce,drop_auroc,posterior
0,0,0.0035087719298245723,-0.02807017543859651,0.44189453125,-0.017713725566864014,21.56569
1,1,0.04210526315789487,0.007017543859649117,0.036865234375,0.008704125881195068,7.491673
2,2,0.052631578947368585,0.0,0.431884765625,0.019508421421051025,23.168001
3,3,0.024561403508772006,0.017543859649122806,0.04296875,0.0075743794441223145,2.3403955
4,4,0.06315789473684208,0.031578947368421054,0.098388671875,0.012575089931488037,4.442719
5,5,0.04912280701754401,0.014035087719298248,0.396484375,-0.0011962652206420898,14.77895
6,6,0.01403508771929829,-0.0035087719298245723,0.04638671875,0.006772220134735107,1.80126
7,7,0.021052631578947434,0.007017543859649117,0.0322265625,0.010338842868804932,1.1239723
