,component,drop_hamming,drop_acc,drop_bce,drop_auroc,posterior
0,0,-0.05263157894736842,-0.052631578947368474,0.09041029214859009,0.0,28.599329
1,1,0.0,0.0,0.012434408068656921,0.0,4.92857
2,2,0.0,0.05263157894736836,0.3670079708099365,0.0029239654541015625,12.165331
3,3,0.05263157894736842,0.05263157894736836,0.37080585956573486,0.0,7.1767635
4,4,-0.05263157894736842,0.0,0.06778785586357117,0.0,11.439869
5,5,0.0,0.0,0.10636597871780396,0.0,3.384184
6,6,-0.05263157894736842,0.0,-0.01808193325996399,0.0,1.9785023
7,7,-0.05263157894736842,-0.052631578947368474,-0.008096441626548767,0.0,4.117352
