,component,drop_hamming,drop_acc,drop_bce,drop_auroc,posterior
0,0,0.01403508771929829,0.010526315789473606,0.724609375,0.004547834396362305,28.288269
1,1,-0.014035087719298178,-0.024561403508772006,0.149169921875,-2.9087066650390625e-05,5.5338817
2,2,0.021052631578947434,0.014035087719298178,0.0478515625,-0.00015312433242797852,5.399325
3,3,-0.007017543859649034,-0.007017543859649145,0.086181640625,-0.002251565456390381,3.161202
4,4,0.007017543859649145,0.0035087719298245723,0.223876953125,-0.0030005574226379395,5.5316467
5,5,-0.15438596491228063,-0.1403508771929825,1.023681640625,-0.032578110694885254,6.0921974
6,6,0.01403508771929829,0.007017543859649145,0.052978515625,-0.002778470516204834,2.2574217
7,7,-0.24912280701754386,-0.1649122807017544,1.671630859375,-0.061192333698272705,8.122787
