,component,drop_hamming,drop_acc,drop_bce,drop_auroc,posterior
0,0,-0.0736842105263158,-0.04561403508771933,0.36083984375,-0.015081167221069336,21.203356
1,1,-0.014035087719298178,-0.0035087719298245723,0.022705078125,-0.0007684230804443359,4.076661
2,2,-0.0035087719298245723,-0.014035087719298234,0.077880859375,-0.0018274784088134766,2.9370556
3,3,-0.05964912280701751,-0.038596491228070184,0.28564453125,-0.010396838188171387,4.7062864
4,4,0.0035087719298245723,-0.010526315789473717,0.173583984375,0.008247733116149902,1.9395986
5,5,-0.12280701754385959,-0.06666666666666671,0.461669921875,-0.026691079139709473,2.5676324
6,6,-0.056140350877192935,-0.03508771929824561,0.31396484375,-0.005194604396820068,3.259402
7,7,-0.12982456140350873,-0.06315789473684214,0.745849609375,-0.03677910566329956,5.050797
