,component,drop_hamming,drop_acc,drop_bce,drop_auroc,posterior
0,0,-0.02807017543859658,-0.014035087719298234,0.268310546875,-0.0100785493850708,16.913673
1,1,-0.0035087719298245723,-0.003508771929824517,0.037841796875,-0.0031669139862060547,5.9794807
2,2,-0.038596491228070184,-0.021052631578947323,0.025634765625,-0.0017619132995605469,2.6516795
3,3,-0.1578947368421053,-0.08771929824561403,0.609130859375,-0.032430291175842285,7.792592
4,4,-0.04561403508771933,-0.0421052631578947,0.14404296875,-0.009584426879882812,4.1284456
5,5,-0.007017543859649145,0.0,0.112060546875,0.00018340349197387695,1.6961333
6,6,-0.08421052631578951,-0.0421052631578947,0.444580078125,-0.02011704444885254,3.4165545
7,7,-0.136842105263158,-0.07017543859649122,0.578125,-0.027370572090148926,2.336756
