,component,drop_hamming,drop_acc,drop_bce,drop_auroc,posterior
0,0,-0.16140350877192988,-0.10877192982456141,1.044921875,-0.03909564018249512,35.39218
1,1,-0.05964912280701762,-0.03508771929824561,0.6298828125,-0.017985880374908447,13.00369
2,2,-0.0491228070175439,-0.02456140350877195,0.239990234375,-0.007835447788238525,5.283168
3,3,-0.010526315789473717,-0.0035087719298245723,0.29931640625,-0.0005134344100952148,2.9469502
4,4,-0.028070175438596467,-0.03508771929824561,0.24560546875,-0.0023044347763061523,2.371356
5,5,-0.007017543859649145,-0.0035087719298245723,0.1181640625,-0.0024093985557556152,1.2866535
6,6,-0.06315789473684208,-0.038596491228070184,0.30712890625,-0.009745478630065918,1.9445167
7,7,-0.03157894736842104,-0.010526315789473717,0.1630859375,-0.0018188953399658203,0.82351947
