,component,drop_hamming,drop_acc,drop_bce,drop_auroc,posterior
0,0,-0.21403508771929824,-0.15438596491228074,1.17724609375,-0.05269944667816162,36.602837
1,1,-0.04912280701754379,-0.05263157894736842,0.513427734375,-0.016253113746643066,12.664563
2,2,-0.007017543859649034,-0.017543859649122806,0.1123046875,-0.0071372389793396,3.97405
3,3,-0.028070175438596467,-0.028070175438596523,0.3017578125,0.00034058094024658203,3.5931396
4,4,-0.010526315789473606,-0.02456140350877195,0.2421875,-0.004014790058135986,3.1115334
5,5,0.02807017543859658,0.007017543859649089,0.055419921875,-0.002410292625427246,1.1091639
6,6,-0.05263157894736836,-0.04561403508771933,0.330810546875,-0.010564208030700684,1.8595564
7,7,-0.042105263157894646,-0.03508771929824561,0.097412109375,-1.3709068298339844e-06,0.81870824
