,component,drop_hamming,drop_acc,drop_bce,drop_auroc,posterior
0,0,0.05263157894736842,0.05263157894736836,0.1624138206243515,0.0,16.570654
1,1,0.05263157894736842,0.05263157894736836,0.19831408560276031,0.005847930908203125,12.149883
2,2,-0.05263157894736842,-0.052631578947368474,-0.052244409918785095,0.0,7.709149
3,3,0.05263157894736842,0.05263157894736836,0.06496970355510712,0.005847930908203125,3.325238
4,4,0.0,0.0,0.05137801170349121,0.0029239654541015625,3.0355752
5,5,-0.05263157894736842,-0.052631578947368474,0.17204569280147552,0.0029239654541015625,4.702562
6,6,-0.05263157894736842,-0.052631578947368474,0.029318585991859436,0.0,5.5219493
7,7,-0.05263157894736842,-0.052631578947368474,0.012138918042182922,0.0,1.8760755
