,component,drop_hamming,drop_acc,drop_bce,drop_auroc,posterior
0,0,-0.01403508771929829,-0.02105263157894738,0.462890625,-0.01628023386001587,19.095112
1,1,-0.0035087719298245723,-0.010526315789473717,0.168212890625,-0.01643192768096924,7.381076
2,2,-0.09122807017543855,-0.05964912280701756,0.323974609375,-0.02666628360748291,4.275721
3,3,-0.028070175438596467,-0.010526315789473717,0.1181640625,-0.01080697774887085,2.3439639
4,4,-0.05263157894736836,-0.04561403508771933,0.23583984375,-0.016490399837493896,1.6198336
5,5,0.01403508771929829,0.0,0.013427734375,-0.0017709732055664062,0.60199684
6,6,-0.024561403508771895,-0.028070175438596523,0.32763671875,-0.011194586753845215,3.208748
7,7,-0.05964912280701751,-0.03508771929824561,0.241455078125,-0.02636033296585083,1.027763
