,component,drop_hamming,drop_acc,drop_bce,drop_auroc,posterior
0,0,-0.010526315789473717,-0.02105263157894738,0.978759765625,0.015029966831207275,15.044552
1,1,-0.024561403508772006,-0.014035087719298234,0.21826171875,-0.01644110679626465,10.311858
2,2,-0.08070175438596494,-0.03508771929824561,0.466064453125,-0.028841614723205566,5.53643
3,3,-0.024561403508772006,-0.017543859649122806,0.108154296875,-0.009564399719238281,2.175252
4,4,-0.03508771929824561,-0.007017543859649145,0.22314453125,-0.010084390640258789,1.9401132
5,5,0.014035087719298178,-0.0035087719298245723,0.091064453125,-0.003554701805114746,0.4979234
6,6,-0.010526315789473717,-0.017543859649122806,0.342041015625,-0.009002625942230225,2.930775
7,7,-0.052631578947368474,-0.049122807017543846,0.2529296875,-0.02251344919204712,1.1015723
