,drop,bce,Kx,Ky,seed,K,diff_bce
0,None,-53.75244140625,8,5,0,8,0.0
1,0,-30.3753719329834,8,5,0,8,23.3770694732666
2,1,-31.173391342163086,8,5,0,8,22.579050064086914
3,2,-40.175331115722656,8,5,0,8,13.577110290527344
4,3,-41.8608283996582,8,5,0,8,11.891613006591797
5,4,-43.52289962768555,8,5,0,8,10.229541778564453
6,5,-48.66416549682617,8,5,0,8,5.088275909423828
7,6,-16.699565887451172,8,5,0,8,37.05287551879883
8,7,-50.99284362792969,8,5,0,8,2.7595977783203125
