,component,importance,Kx,Ky,seed,K
0,0,7.4583697,8,5,2,8
1,1,5.988802,8,5,2,8
2,2,10.099693,8,5,2,8
3,3,7.370815,8,5,2,8
4,4,4.7079654,8,5,2,8
5,5,5.574927,8,5,2,8
6,6,2.0559933,8,5,2,8
7,7,1.7857003,8,5,2,8
