,drop,bce,Kx,Ky,seed,K,diff_bce
0,None,-18.779708862304688,8,5,2,8,0.0
1,0,-31.685161590576172,8,5,2,8,-12.905452728271484
2,1,-26.300151824951172,8,5,2,8,-7.520442962646484
3,2,-56.88512420654297,8,5,2,8,-38.10541534423828
4,3,-21.981767654418945,8,5,2,8,-3.202058792114258
5,4,-24.35476303100586,8,5,2,8,-5.575054168701172
6,5,-21.732074737548828,8,5,2,8,-2.9523658752441406
7,6,-19.181190490722656,8,5,2,8,-0.40148162841796875
8,7,-20.854839324951172,8,5,2,8,-2.0751304626464844
