,drop,bce,Kx,Ky,seed,K,diff_bce
0,None,-18.764545440673828,8,5,1,8,0.0
1,0,-100.87002563476562,8,5,1,8,-82.1054801940918
2,1,-35.19455337524414,8,5,1,8,-16.430007934570312
3,2,-29.809030532836914,8,5,1,8,-11.044485092163086
4,3,-26.542095184326172,8,5,1,8,-7.777549743652344
5,4,-20.846101760864258,8,5,1,8,-2.0815563201904297
6,5,-22.389493942260742,8,5,1,8,-3.624948501586914
7,6,-19.280710220336914,8,5,1,8,-0.5161647796630859
8,7,-18.712209701538086,8,5,1,8,0.05233573913574219
