,drop,bce,Kx,Ky,seed,K,diff_bce
0,None,-2.866185188293457,8,5,0,8,0.0
1,0,-4.651495933532715,8,5,0,8,-1.7853107452392578
2,1,-4.358745574951172,8,5,0,8,-1.4925603866577148
3,2,-3.3621249198913574,8,5,0,8,-0.4959397315979004
4,3,-3.4290578365325928,8,5,0,8,-0.5628726482391357
5,4,-3.4332082271575928,8,5,0,8,-0.5670230388641357
6,5,-3.0860531330108643,8,5,0,8,-0.21986794471740723
7,6,-7.863743782043457,8,5,0,8,-4.99755859375
8,7,-3.170705795288086,8,5,0,8,-0.3045206069946289
