,component,importance,Kx,Ky,seed,K
0,0,36.119343,8,5,0,8
1,1,44.02305,8,5,0,8
2,2,1.3223928,8,5,0,8
3,3,17.354506,8,5,0,8
4,4,2.7154775,8,5,0,8
5,5,12.769918,8,5,0,8
6,6,2.8992987,8,5,0,8
7,7,1.2088162,8,5,0,8
