,drop,bce,Kx,Ky,seed,K,diff_bce
0,None,-3.8548905849456787,8,5,0,8,0.0
1,0,-24.466796875,8,5,0,8,-20.61190629005432
2,1,-16.686010360717773,8,5,0,8,-12.831119775772095
3,2,-6.7696213722229,8,5,0,8,-2.9147307872772217
4,3,-4.6172261238098145,8,5,0,8,-0.7623355388641357
5,4,-8.491018295288086,8,5,0,8,-4.636127710342407
6,5,-6.257298469543457,8,5,0,8,-2.4024078845977783
7,6,-6.7807230949401855,8,5,0,8,-2.925832509994507
8,7,-5.072689533233643,8,5,0,8,-1.2177989482879639
