,drop,bce,Kx,Ky,seed,K,diff_bce
0,None,-53.75244140625,8,5,0,8,0.0
1,0,-29.246299743652344,8,5,0,8,24.506141662597656
2,1,-52.03803634643555,8,5,0,8,1.7144050598144531
3,2,-47.06357955932617,8,5,0,8,6.688861846923828
4,3,-52.86994934082031,8,5,0,8,0.8824920654296875
5,4,-48.916351318359375,8,5,0,8,4.836090087890625
6,5,-50.02778244018555,8,5,0,8,3.724658966064453
7,6,-52.10929870605469,8,5,0,8,1.6431427001953125
8,7,-53.53942108154297,8,5,0,8,0.21302032470703125
