,drop,bce,Kx,Ky,seed,K,diff_bce
0,None,-2.43156361579895,8,5,1,8,0.0
1,0,-4.690789699554443,8,5,1,8,-2.259226083755493
2,1,-4.047286033630371,8,5,1,8,-1.615722417831421
3,2,-2.672337532043457,8,5,1,8,-0.24077391624450684
4,3,-11.958829879760742,8,5,1,8,-9.527266263961792
5,4,-3.23869252204895,8,5,1,8,-0.80712890625
6,5,-3.3250410556793213,8,5,1,8,-0.8934774398803711
7,6,-2.4810597896575928,8,5,1,8,-0.04949617385864258
8,7,-2.7298905849456787,8,5,1,8,-0.2983269691467285
