,component,importance,Kx,Ky,seed,K
0,0,14.070776,8,5,2,8
1,1,3.288145,8,5,2,8
2,2,7.6957726,8,5,2,8
3,3,8.43598,8,5,2,8
4,4,6.5977373,8,5,2,8
5,5,4.7932057,8,5,2,8
6,6,1.439139,8,5,2,8
7,7,1.1347264,8,5,2,8
