,component,importance,Kx,Ky,seed,K
0,0,10.367955,8,5,0,8
1,1,21.041555,8,5,0,8
2,2,6.0718374,8,5,0,8
3,3,3.3716388,8,5,0,8
4,4,7.821008,8,5,0,8
5,5,3.832794,8,5,0,8
6,6,3.0551174,8,5,0,8
7,7,3.137855,8,5,0,8
