,drop,bce,Kx,Ky,seed,K,diff_bce
0,None,-53.75244140625,8,5,1,8,0.0
1,0,-33.960784912109375,8,5,1,8,19.791656494140625
2,1,-40.335628509521484,8,5,1,8,13.416812896728516
3,2,-49.30994415283203,8,5,1,8,4.442497253417969
4,3,-13.859105110168457,8,5,1,8,39.89333629608154
5,4,-42.83555221557617,8,5,1,8,10.916889190673828
6,5,-42.3613166809082,8,5,1,8,11.391124725341797
7,6,-53.97195053100586,8,5,1,8,-0.21950912475585938
8,7,-51.193668365478516,8,5,1,8,2.5587730407714844
