,component,importance,Kx,Ky,seed,K
0,0,12.40629,8,5,1,8
1,1,6.4155774,8,5,1,8
2,2,3.30372,8,5,1,8
3,3,10.445025,8,5,1,8
4,4,13.325197,8,5,1,8
5,5,3.0954063,8,5,1,8
6,6,2.3375666,8,5,1,8
7,7,3.4274263,8,5,1,8
