,drop,bce,Kx,Ky,seed,K,diff_bce
0,None,-19.850200653076172,8,5,0,8,0.0
1,0,-63.59294128417969,8,5,0,8,-43.742740631103516
2,1,-30.394351959228516,8,5,0,8,-10.544151306152344
3,2,-37.773475646972656,8,5,0,8,-17.923274993896484
4,3,-23.618703842163086,8,5,0,8,-3.768503189086914
5,4,-23.642269134521484,8,5,0,8,-3.7920684814453125
6,5,-23.33620834350586,8,5,0,8,-3.4860076904296875
7,6,-23.578420639038086,8,5,0,8,-3.728219985961914
8,7,-21.5380859375,8,5,0,8,-1.6878852844238281
