,drop,bce,Kx,Ky,seed,K,diff_bce
0,None,-31.41282844543457,8,5,1,8,0.0
1,0,-32.541080474853516,8,5,1,8,-1.1282520294189453
2,1,-34.24958801269531,8,5,1,8,-2.836759567260742
3,2,-32.27883529663086,8,5,1,8,-0.8660068511962891
4,3,-34.96162033081055,8,5,1,8,-3.5487918853759766
5,4,-36.687076568603516,8,5,1,8,-5.274248123168945
6,5,-34.50328826904297,8,5,1,8,-3.0904598236083984
7,6,-32.445247650146484,8,5,1,8,-1.032419204711914
8,7,-32.574668884277344,8,5,1,8,-1.1618404388427734
