,drop,bce,Kx,Ky,seed,K,diff_bce
0,None,-0.4299187958240509,8,5,2,8,0.0
1,0,-1.7369962930679321,8,5,2,8,-1.3070774972438812
2,1,-1.3551474809646606,8,5,2,8,-0.9252286851406097
3,2,-1.8609554767608643,8,5,2,8,-1.4310366809368134
4,3,-0.7056820392608643,8,5,2,8,-0.27576324343681335
5,4,-1.2464792728424072,8,5,2,8,-0.8165604770183563
6,5,-0.6676346659660339,8,5,2,8,-0.23771587014198303
7,6,-0.41326582431793213,8,5,2,8,0.016652971506118774
8,7,-0.39794921875,8,5,2,8,0.0319695770740509
