,drop,bce,Kx,Ky,seed,K,diff_bce
0,None,-1.0074656009674072,8,5,2,8,0.0
1,0,-2.814478874206543,8,5,2,8,-1.8070132732391357
2,1,-3.1822574138641357,8,5,2,8,-2.1747918128967285
3,2,-1.0071957111358643,8,5,2,8,0.00026988983154296875
4,3,-1.015419363975525,8,5,2,8,-0.007953763008117676
5,4,-0.9471114277839661,8,5,2,8,0.06035417318344116
6,5,-0.9513003826141357,8,5,2,8,0.056165218353271484
7,6,-3.8844316005706787,8,5,2,8,-2.8769659996032715
8,7,-1.0232704877853394,8,5,2,8,-0.01580488681793213
