,drop,bce,Kx,Ky,seed,K,diff_bce
0,None,-53.75244140625,8,5,2,8,0.0
1,0,-14.24024772644043,8,5,2,8,39.51219367980957
2,1,-26.216604232788086,8,5,2,8,27.535837173461914
3,2,-15.568770408630371,8,5,2,8,38.18367099761963
4,3,-51.65131759643555,8,5,2,8,2.101123809814453
5,4,-29.264572143554688,8,5,2,8,24.487869262695312
6,5,-39.313270568847656,8,5,2,8,14.439170837402344
7,6,-51.45596694946289,8,5,2,8,2.2964744567871094
8,7,-52.07728958129883,8,5,2,8,1.6751518249511719
