,component,importance,Kx,Ky,seed,K
0,0,48.555313,8,5,2,8
1,1,20.328684,8,5,2,8
2,2,27.26108,8,5,2,8
3,3,7.2503324,8,5,2,8
4,4,16.910603,8,5,2,8
5,5,7.5861287,8,5,2,8
6,6,4.7401643,8,5,2,8
7,7,2.9394212,8,5,2,8
