,component,importance,Kx,Ky,seed,K
0,0,22.541365,8,5,2,8
1,1,22.911154,8,5,2,8
2,2,11.092628,8,5,2,8
3,3,20.857061,8,5,2,8
4,4,13.458302,8,5,2,8
5,5,5.2102823,8,5,2,8
6,6,4.131766,8,5,2,8
7,7,3.017803,8,5,2,8
