,drop,bce,Kx,Ky,seed,K,diff_bce
0,None,-3.0638105869293213,8,5,2,8,0.0
1,0,-5.568410873413086,8,5,2,8,-2.5046002864837646
2,1,-7.892757892608643,8,5,2,8,-4.828947305679321
3,2,-4.6477179527282715,8,5,2,8,-1.5839073657989502
4,3,-5.8215203285217285,8,5,2,8,-2.7577097415924072
5,4,-4.997584342956543,8,5,2,8,-1.9337737560272217
6,5,-3.2069671154022217,8,5,2,8,-0.1431565284729004
7,6,-3.3765804767608643,8,5,2,8,-0.31276988983154297
8,7,-3.0925421714782715,8,5,2,8,-0.028731584548950195
