,drop,bce,Kx,Ky,seed,K,diff_bce
0,None,-19.850200653076172,8,5,0,8,0.0
1,0,-33.87844467163086,8,5,0,8,-14.028244018554688
2,1,-20.527023315429688,8,5,0,8,-0.6768226623535156
3,2,-22.5506649017334,8,5,0,8,-2.7004642486572266
4,3,-20.239849090576172,8,5,0,8,-0.3896484375
5,4,-22.508365631103516,8,5,0,8,-2.6581649780273438
6,5,-21.798019409179688,8,5,0,8,-1.9478187561035156
7,6,-20.893592834472656,8,5,0,8,-1.0433921813964844
8,7,-20.672208786010742,8,5,0,8,-0.8220081329345703
