,component,importance,Kx,Ky,seed,K
0,0,23.535114,8,5,1,8
1,1,12.9976845,8,5,1,8
2,2,7.1794047,8,5,1,8
3,3,37.576332,8,5,1,8
4,4,13.644631,8,5,1,8
5,5,8.331471,8,5,1,8
6,6,5.4018736,8,5,1,8
7,7,2.0419035,8,5,1,8
