,component,importance,Kx,Ky,seed,K
0,0,18.275917,8,5,0,8
1,1,12.467546,8,5,0,8
2,2,14.330917,8,5,0,8
3,3,8.722116,8,5,0,8
4,4,7.211967,8,5,0,8
5,5,6.4475255,8,5,0,8
6,6,29.062979,8,5,0,8
7,7,3.3730168,8,5,0,8
