,drop,bce,Kx,Ky,seed,K,diff_bce
0,None,-9.005088806152344,8,5,2,8,0.0
1,0,-21.239591598510742,8,5,2,8,-12.234502792358398
2,1,-12.45142936706543,8,5,2,8,-3.446340560913086
3,2,-15.700901985168457,8,5,2,8,-6.695813179016113
4,3,-11.8367338180542,8,5,2,8,-2.8316450119018555
5,4,-11.100380897521973,8,5,2,8,-2.095292091369629
6,5,-11.432861328125,8,5,2,8,-2.4277725219726562
7,6,-10.13014030456543,8,5,2,8,-1.125051498413086
8,7,-10.818243980407715,8,5,2,8,-1.813155174255371
