,drop,bce,Kx,Ky,seed,K,diff_bce
0,None,-3.8118703365325928,8,5,1,8,0.0
1,0,-11.992161750793457,8,5,1,8,-8.180291414260864
2,1,-6.331864356994629,8,5,1,8,-2.519994020462036
3,2,-7.1905837059021,8,5,1,8,-3.378713369369507
4,3,-9.182462692260742,8,5,1,8,-5.370592355728149
5,4,-7.809274673461914,8,5,1,8,-3.9974043369293213
6,5,-5.166529655456543,8,5,1,8,-1.3546593189239502
7,6,-4.306525230407715,8,5,1,8,-0.49465489387512207
8,7,-4.848581314086914,8,5,1,8,-1.0367109775543213
