,component,importance,Kx,Ky,seed,K
0,0,8.214504,8,5,1,8
1,1,7.150316,8,5,1,8
2,2,10.155766,8,5,1,8
3,3,13.826903,8,5,1,8
4,4,2.951921,8,5,1,8
5,5,2.446689,8,5,1,8
6,6,6.0390143,8,5,1,8
7,7,1.311635,8,5,1,8
