,drop,bce,Kx,Ky,seed,K,diff_bce
0,None,-53.75244140625,8,5,2,8,0.0
1,0,-15.566946029663086,8,5,2,8,38.185495376586914
2,1,-12.135690689086914,8,5,2,8,41.616750717163086
3,2,-43.9050407409668,8,5,2,8,9.847400665283203
4,3,-50.52666473388672,8,5,2,8,3.2257766723632812
5,4,-51.584999084472656,8,5,2,8,2.1674423217773438
6,5,-53.570556640625,8,5,2,8,0.181884765625
7,6,-16.618806838989258,8,5,2,8,37.13363456726074
8,7,-50.608734130859375,8,5,2,8,3.143707275390625
