,drop,bce,Kx,Ky,seed,K,diff_bce
0,None,-53.75244140625,8,5,1,8,0.0
1,0,-51.045989990234375,8,5,1,8,2.706451416015625
2,1,-49.04628372192383,8,5,1,8,4.706157684326172
3,2,-53.27946472167969,8,5,1,8,0.4729766845703125
4,3,-49.94785690307617,8,5,1,8,3.804584503173828
5,4,-45.99560546875,8,5,1,8,7.7568359375
6,5,-49.11186981201172,8,5,1,8,4.640571594238281
7,6,-52.45161056518555,8,5,1,8,1.3008308410644531
8,7,-53.90166473388672,8,5,1,8,-0.14922332763671875
