,component,importance,Kx,Ky,seed,K
0,0,12.304355,8,5,1,8
1,1,6.515893,8,5,1,8
2,2,8.113328,8,5,1,8
3,3,6.0243793,8,5,1,8
4,4,14.317981,8,5,1,8
5,5,3.9084067,8,5,1,8
6,6,1.5203058,8,5,1,8
7,7,2.2574508,8,5,1,8
