,component,drop_hamming,drop_acc,drop_bce,drop_auroc,posterior
0,0,-0.024561403508771895,0.0,0.142822265625,-0.00775754451751709,26.24896
1,1,-0.08070175438596483,-0.06315789473684214,0.247802734375,-0.01646023988723755,9.667212
2,2,-0.0035087719298244613,-0.02105263157894738,0.1044921875,-0.004784941673278809,3.2927155
3,3,-0.09122807017543855,-0.049122807017543846,0.301025390625,-0.022559523582458496,3.586667
4,4,-0.08070175438596483,-0.03508771929824561,0.313232421875,-0.023863613605499268,3.6984968
5,5,-0.09824561403508769,-0.04210526315789476,0.471435546875,-0.011984944343566895,3.348068
6,6,-0.03508771929824561,-0.017543859649122806,0.17578125,-0.013743400573730469,1.8381566
7,7,-0.03508771929824561,-0.04210526315789476,0.80126953125,-0.009129822254180908,2.5078163
