,component,drop_hamming,drop_acc,drop_bce,drop_auroc,posterior
0,0,-0.03157894736842104,-0.024561403508771895,0.38916015625,-0.002052485942840576,18.595621
1,1,-0.1298245614035088,-0.11578947368421055,1.203857421875,-0.009610414505004883,18.92699
2,2,-0.007017543859649145,-0.007017543859649145,0.01123046875,-0.00011861324310302734,2.3711824
3,3,-0.05263157894736842,-0.04561403508771933,1.32470703125,-0.005325376987457275,14.73283
4,4,-0.017543859649122806,-0.021052631578947323,1.0166015625,-0.0020971298217773438,19.123245
5,5,-0.18947368421052635,-0.1578947368421053,4.050537109375,-0.02356189489364624,18.029734
6,6,-0.049122807017543846,-0.0491228070175439,1.162353515625,-0.006394684314727783,6.454353
7,7,-0.02105263157894738,-0.01754385964912275,0.25146484375,-0.0010173916816711426,2.704571
