,component,drop_hamming,drop_acc,drop_bce,drop_auroc,posterior
0,0,-0.07017543859649122,-0.056140350877193046,0.763916015625,-0.0061151981353759766,28.031326
1,1,-0.09473684210526317,-0.06666666666666665,1.279296875,-0.014236748218536377,22.358662
2,2,0.08771929824561403,0.10175438596491226,17.621337890625,0.030041933059692383,3.4773498
3,3,-0.05964912280701756,-0.04561403508771933,1.21044921875,-0.011123716831207275,12.841111
4,4,-0.05964912280701756,-0.056140350877193046,1.05810546875,-0.009301602840423584,11.204602
5,5,-0.1894736842105263,-0.13684210526315793,3.82080078125,-0.04965531826019287,14.949637
6,6,-0.06315789473684214,-0.056140350877193046,1.116455078125,-0.00925058126449585,6.337767
7,7,-0.0491228070175439,-0.03508771929824561,0.268798828125,-0.0019071102142333984,3.3355265
