,component,drop_hamming,drop_acc,drop_bce,drop_auroc,posterior
0,0,-0.05263157894736842,-0.05263157894736836,-0.06737470626831055,0.0,10.321117
1,1,0.0,0.0,0.022171437740325928,0.0029239654541015625,4.2215533
2,2,0.0,0.0,0.03290224075317383,0.0029239654541015625,6.9047766
3,3,0.0,0.0,0.42612385749816895,0.0,3.3586085
4,4,-0.05263157894736842,-0.05263157894736836,-0.1244807243347168,0.0,5.17484
5,5,0.0,0.0,0.47590333223342896,0.0029239654541015625,3.9678645
6,6,-0.15789473684210525,-0.1578947368421052,-0.43884631991386414,-0.00309598445892334,6.221722
7,7,0.05263157894736842,0.052631578947368474,0.45401960611343384,0.0029239654541015625,2.6963863
