,component,drop_hamming,drop_acc,drop_bce,drop_auroc,posterior
0,0,0.05263157894736842,0.052631578947368474,0.07320006191730499,0.0,13.893979
1,1,0.0,0.0,-0.021554477512836456,0.0,9.353528
2,2,-0.05263157894736842,-0.052631578947368474,-0.03254891186952591,0.0,6.017347
3,3,0.0,0.0,0.014640703797340393,0.0,4.4927783
4,4,0.0,0.0,0.03297743946313858,0.0,3.0089226
5,5,0.0,0.0,-0.03562936931848526,0.0,2.592792
6,6,0.0,0.0,-0.0204036682844162,0.0,3.335636
7,7,0.05263157894736842,0.052631578947368474,0.3153887391090393,0.0,2.661723
