,component,drop_hamming,drop_acc,drop_bce,drop_auroc,posterior
0,0,-0.05964912280701762,-0.02456140350877195,0.228271484375,-0.01992201805114746,20.96258
1,1,-0.0491228070175439,-0.010526315789473717,0.1455078125,-0.011558353900909424,6.5163283
2,2,-0.04561403508771933,-0.02456140350877195,0.11376953125,-0.020039498805999756,3.6506193
3,3,-0.0491228070175439,-0.0456140350877193,0.389892578125,-0.01006937026977539,5.9622054
4,4,0.010526315789473606,0.024561403508771895,0.020263671875,-0.003497898578643799,2.0079985
5,5,-0.01754385964912286,0.017543859649122806,0.199951171875,-0.0029774904251098633,2.604933
6,6,-0.056140350877193046,-0.017543859649122806,0.11279296875,-0.012237906455993652,1.9259259
7,7,-0.12631578947368427,-0.07017543859649125,0.35400390625,-0.04477447271347046,2.163839
