,component,drop_hamming,drop_acc,drop_bce,drop_auroc,posterior
0,0,-0.052631578947368474,-0.017543859649122806,0.47802734375,-0.01974588632583618,26.19
1,1,-0.052631578947368474,-0.010526315789473717,0.706298828125,-0.017727971076965332,7.421141
2,2,-0.056140350877193046,-0.028070175438596523,0.217529296875,-0.012879669666290283,6.458877
3,3,-0.0035087719298245723,-0.007017543859649145,0.225830078125,-0.0003814101219177246,4.5472507
4,4,-0.056140350877193046,-0.02456140350877195,0.1220703125,-0.010464668273925781,2.1039815
5,5,-0.01754385964912286,-0.0035087719298245723,0.101806640625,-0.005450546741485596,1.8233179
6,6,-0.10526315789473684,-0.08070175438596494,0.630615234375,-0.023824036121368408,2.6721992
7,7,-0.03508771929824561,-0.02456140350877195,0.4208984375,-0.018168509006500244,2.6863768
