,component,drop_hamming,drop_acc,drop_bce,drop_auroc,posterior
0,0,0.038596491228070184,0.028070175438596467,0.82275390625,0.004759788513183594,39.128876
1,1,0.028070175438596523,0.01754385964912275,0.540283203125,0.0017789006233215332,16.845486
2,2,0.031578947368421095,0.03508771929824561,0.63427734375,0.0026363730430603027,10.880244
3,3,0.04210526315789476,0.03157894736842104,0.392333984375,0.0030143260955810547,7.9696965
4,4,0.017543859649122806,0.010526315789473717,0.177978515625,0.0014057159423828125,3.6921492
5,5,0.2807017543859649,0.23157894736842105,2.735107421875,0.041703104972839355,11.462714
6,6,0.02105263157894738,0.010526315789473717,0.65087890625,0.0033169984817504883,5.386658
7,7,0.028070175438596523,0.021052631578947323,0.281494140625,0.0031257271766662598,3.0475621
