,component,drop_hamming,drop_acc,drop_bce,drop_auroc,posterior
0,0,0.0,0.0,0.0,0.0,39.128876
1,1,0.0,0.0,0.0,0.0,16.845486
2,2,0.0,0.0,0.0,0.0,10.880244
3,3,0.0,0.0,0.0,0.0,7.9696965
4,4,0.0,0.0,0.0,0.0,3.6921492
5,5,0.0,0.0,2.4093586034723558e-05,0.0,11.462714
6,6,0.0,0.0,0.0,0.0,5.386658
7,7,0.0,0.0,0.0,0.0,3.0475621
